pearson_r,spearman_r,slope
-0.34537873144029435,-0.20579234972677593,-3.466871784147777
-0.3129044744862877,-0.10135938827527613,-3.051764451070179
-0.32294061423797266,-0.12367744562409981,-3.027178000739332
-0.2786108340361558,-0.0567970318107171,-2.8022058261221754
-0.45088945748263254,-0.19245938899659068,-4.655539734347551
-0.06213091465055052,0.09819805026971472,-0.5176686229204259
-0.4413350615521488,-0.18063583815028902,-4.162284471678845
-0.40240424210478837,-0.23091290584710916,-4.048123002613803
-0.24763243755228223,-0.020973841885763893,-2.2258585840826615
-0.4017581545172935,-0.23391567838036423,-4.153947917728648
-0.4321940175930311,-0.25005316401859223,-4.246809282540813
-0.2199751101003925,0.022132332397993268,-1.985609065173587
-0.3849457501023498,-0.16010505055406285,-3.6674783440946563
-0.3134038528628692,-0.08525492626551708,-3.0017550622563447
-0.42526323608719907,-0.23414601530540916,-4.137741091142033
-0.49269791924335066,-0.2883257544941808,-5.027917649741736
-0.44106252157039,-0.23604467645987615,-4.4314597354989615
-0.34922418889587786,-0.15643674883362554,-3.2806457096866835
-0.3500591110968572,-0.08808756460930373,-3.468148967070762
-0.3819243528376903,-0.20534890496770744,-3.668588405028739
-0.16744021466288203,0.07642652700809938,-1.4234591020787442
-0.3747898526558693,-0.18504482180599086,-3.4337597164022315
-0.4618442620124138,-0.21856194703699883,-4.693826552186473
-0.4552955147610218,-0.1833497429165299,-4.402072968384279
-0.25443720598393377,-0.011613012887833958,-2.341995159379169
-0.579204560713072,-0.3568796478980118,-5.966174965792697
-0.2922775321003117,-0.0837170643515401,-2.6494323384506697
-0.3381568335804651,-0.14268175574653263,-3.0776498465031388
-0.576973509739061,-0.42838530568509753,-6.356517693104722
-0.26494693740293535,-0.09232722435169269,-2.3775203296886085
-0.06876639588846166,0.1510167336784287,-0.5857063724943027
-0.3067610436374604,-0.059886525683424854,-2.8556757964557007
-0.4184162259921999,-0.16245561860832097,-4.086781083922929
-0.5308361325164827,-0.33333333333333326,-5.613687891561996
-0.4870645799537704,-0.3209358783722271,-4.952977971658301
-0.04313681735820736,0.1080411643347919,-0.34919647397169257
-0.5068557161129068,-0.2918689357255257,-4.957473103523252
-0.3843344288499231,-0.17187016438805047,-3.6292853379558148
-0.3414052296350631,-0.21163645197534242,-3.4155991646218147
-0.2801169925004598,-0.043795664769725066,-2.4900918393418885
-0.4403555381201133,-0.24750426101777454,-4.4696860203273365
-0.4898345110088003,-0.28618003654886437,-5.003072693810659
-0.45264618646372085,-0.2688622282097496,-4.483082274617591
-0.46941039308850424,-0.22869491741791942,-4.541025891876094
-0.30322483899428915,-0.09148230425124006,-3.1078781953821206
-0.30596253986427047,-0.07587800650713047,-2.6825581847944617
-0.2719205302870547,-0.062128973064279946,-2.5060216432061564
-0.2878687925993726,-0.14124733326444902,-2.6183686762099154
-0.19885118207259492,0.06625251233327242,-1.7620529250113224
-0.5205122546204025,-0.4052685647196948,-5.320906807681998
-0.5320012517062964,-0.29749512924938853,-5.3067072693492765
-0.09625126906328751,0.17406662086659408,-0.7867772950881236
-0.38009767752704343,-0.16002140103843676,-3.653410558891469
-0.2833663889250239,-0.11455334037977914,-2.7148925909394968
-0.5333148090134152,-0.3823583058720527,-5.54440045426526
-0.3949123085887803,-0.2065459051645588,-3.791685262922861
-0.38068054421982767,-0.1418097954724768,-3.679712582806392
-0.47968882974152244,-0.3752513074059002,-4.8704449517588975
-0.5847306346736116,-0.393938657315969,-6.278780654574464
-0.31478372398973986,-0.16595035896438318,-3.088427950928123
-0.5358555943266525,-0.33344266477158846,-5.28716570450809
-0.47840768202316974,-0.3614401505722352,-4.762653893329055
-0.21115047352815727,0.031450210924298234,-1.9645137019314245
-0.21224263967453755,0.016996496256398735,-1.9387376530124676
-0.31916744936499936,-0.11204074208803202,-2.9880687193815896
-0.5117597126155907,-0.31547582925733986,-5.127859480243536
-0.27913501925021145,-0.06883741258741259,-2.569467376644835
-0.3386638193980297,-0.13224193587534283,-3.2359376286177093
-0.2998678274082942,-0.12911629149689402,-2.8547647648687735
-0.3713384345448811,-0.17431839453500103,-3.648781549398538
-0.4661144273040433,-0.27456032670126523,-4.4441730148601035
-0.5099680737328186,-0.3205958195552589,-5.374275699740312
-0.45676133936397745,-0.2520429009193054,-4.666242190874954
-0.2828274570102711,-0.13047072553977826,-2.576966184648109
-0.27914872241889926,-0.0875510588063923,-2.711796031022373
-0.40886649305570816,-0.19064264914189838,-4.310963178110034
-0.41313081183506595,-0.16326902074990898,-4.029437973289256
-0.5073150237635154,-0.33134895272182757,-4.9100096262522
-0.5032098396392249,-0.45557789557058426,-5.402002838405228
-0.44172600199856604,-0.19683776212727944,-4.490702962145927
-0.382333434251125,-0.09740705422166071,-3.7192928786344504
-0.4260683906438695,-0.19980323329001223,-4.117525404716976
-0.3374196913868523,-0.2376869755563663,-3.490429603981309
-0.3629990574256582,-0.14483888585472418,-3.4398698117505484
-0.45499548609911633,-0.3257530614974889,-4.787829420577988
-0.4260737591392928,-0.16448409317722656,-4.005050451584775
-0.42757651529387325,-0.17587250744656976,-4.0112892706634495
-0.40707618900960374,-0.274413807747141,-4.075803036693181
-0.4404565678048332,-0.3145222565997824,-4.358282076944256
-0.30370603885563197,-0.12760286726137593,-3.081321273429502
-0.398744110614707,-0.1834036414105444,-3.8908033246707436
-0.34845405598876594,-0.11874673756024134,-3.3309101855264553
-0.29286206428748185,-0.05524351399324045,-2.7609197811595583
-0.5001365126141789,-0.235492930349045,-4.939029419209032
-0.30698070480089285,-0.08478229105786092,-2.7294370779702897
-0.4232237647219805,-0.1977961967404099,-4.027250036438709
-0.3559046582565651,-0.20640990621870162,-3.49257957460856
-0.33538719164836955,-0.1719746770842193,-3.3939126737023626
-0.19703957051286156,0.1379741660717663,-1.762515042752109
-0.32578529029345277,-0.17347849041489927,-3.247836663360148
-0.40873036433447363,-0.17818398159334156,-3.895205515547062
-0.42001758993861926,-0.2633835837757073,-3.992822898354991
-0.3870216022751253,-0.1336153967732915,-3.4457537256281663
-0.4063837055326008,-0.23477279073437826,-3.836228864794696
-0.2703242921754107,-0.0328426096527233,-2.471516941822121
-0.3272691264325063,-0.11880431088887809,-3.0025348176515023
-0.5328378108684406,-0.32325997299171505,-5.43476728685455
-0.4610010907760828,-0.23815659911744325,-4.264119801482833
-0.5003724967235232,-0.26056667375261927,-4.788078757384944
-0.2659879208900882,-0.07304822565969063,-2.5246235254421086
-0.18262638079638718,0.10954760412165328,-1.5500967956465859
-0.4010588144844066,-0.14721527288625488,-3.7106944939520607
-0.3936309011004979,-0.23348280288879825,-3.9422297325526072
-0.278991458062938,-0.13368385180857797,-2.6215684616123203
-0.35039388625536083,-0.13478355924792304,-3.3509397097156106
-0.41276861753236677,-0.19730134202873864,-4.181916427452454
-0.21858175665441412,-0.05731082321614211,-1.9804742636392205
-0.5625524931352118,-0.34971107046720906,-5.775144328890907
-0.4882754460553157,-0.29128953771289534,-5.02121076326882
-0.40925187377159966,-0.22010549930273446,-4.1043621745919765
-0.49670522825793406,-0.2924609078487931,-4.724030938703641
-0.5479214392652143,-0.4098953042018238,-5.559437204484715
-0.4709996451102121,-0.3616501461624013,-5.078732472279904
-0.37638438557344794,-0.07487799548401194,-3.5167639740452667
-0.482313847472671,-0.2968096996792691,-4.937089320440676
-0.22223974684779613,-0.03204618438545265,-2.074810949391525
-0.3963939938689788,-0.14666715201815217,-3.7997057745251106
-0.360502334231822,-0.08991895091521719,-3.411355487055549
-0.34942998565796984,-0.2507250871016581,-3.280280876151035
-0.39920444334950866,-0.14902303878681833,-3.640118245770345
-0.4168071591993868,-0.23276712328767124,-4.172007389108171
-0.15977729061156182,0.09811735688814098,-1.3419461952354677
-0.2150332304559677,-0.068889794577628,-2.125728603725391
-0.32583682969548494,-0.1784053257135909,-3.0074595376328985
-0.6291706526487622,-0.4804116200710318,-6.736019626589221
-0.4319187392202235,-0.15791134822799638,-4.134957401867603
-0.5525088121633406,-0.3743569185541525,-5.621657235814141
-0.32729800087936606,-0.07558595054874974,-2.9512372029942404
-0.21689054433829036,-0.01147004030343249,-1.9021895019787953
-0.2728728092262895,-0.06727752662398737,-2.5249359794749444
-0.2850078258937152,-0.09973333981254821,-2.6337302267072107
-0.41253865152054375,-0.1321174810200506,-4.125222655625251
-0.34702024912926804,-0.17164918078598373,-3.39649803478801
-0.5241667617233751,-0.361646234676007,-5.532305823684104
-0.45012633619596315,-0.23038629423442347,-4.589626854444889
-0.4498073213349894,-0.22744840662145413,-4.567205054267491
-0.5669913352914397,-0.4513327016060451,-5.890959676967912
-0.4195726819899824,-0.26595356752157534,-4.122520630101083
-0.27505878709584974,-0.05154388671886865,-2.6109087668778757
-0.38486843783084274,-0.21804529534238595,-3.636889363250295
-0.2751697600281135,-0.08979049491253936,-2.6245238972842753
-0.2854955227819485,-0.048070429476220325,-2.6083319081386067
-0.39671214271404365,-0.16007740886562039,-3.867586866794252
-0.2978594083797678,-0.1559975215347046,-2.792786817394118
-0.3714204455170797,-0.19207855854542802,-3.4740665821098276
-0.29786442916846684,-0.05312501897538968,-2.688346296976498
-0.5207179411735975,-0.3240445618188993,-5.320886176125694
-0.427269352001278,-0.22615096148594938,-4.084053192790024
-0.42132537912905493,-0.1764498265684902,-3.947857836687285
-0.4169528526098153,-0.2523273737999005,-4.148841279798333
-0.45794446940207345,-0.25281414208911707,-4.481824156365499
-0.44482490283712367,-0.24190814137891226,-4.440187483711394
-0.3937471479714722,-0.27068607574899695,-4.1712816710364065
-0.40200885819740767,-0.22307333078607255,-4.0754289017771805
-0.4626198205698633,-0.24090603821967152,-4.0614162267325975
-0.437001642608657,-0.23870662115709307,-4.243434885456281
-0.4009014505527854,-0.25877171697563817,-3.9444202080045927
-0.4957894539154249,-0.2550134908481004,-4.851865806755939
-0.25435619525851266,0.1381309083373459,-2.1904101807539793
-0.4222693087781401,-0.24456739344083284,-4.107775776708476
-0.3657761646961209,-0.16078593487829196,-3.3540664624227174
-0.37723068209513905,-0.20095016494231577,-3.873839123468824
-0.506773376486083,-0.36095945257334205,-5.140476596291698
-0.3635637034088759,-0.2260769184033052,-3.5354538740811936
-0.40828898969976535,-0.18309380874416348,-3.8568805999274134
-0.4250579291341448,-0.28720391818480123,-4.308943764426693
-0.3540923797690927,-0.2295431039727444,-3.237580657882281
-0.45252436952799147,-0.33601074203916464,-4.732735564581753
-0.4455181019635078,-0.23427611722324992,-4.316109305405119
-0.56336103746656,-0.4158892987584397,-5.815402795675533
-0.330748520037709,-0.1501400967941487,-3.2361185780671495
-0.3008845517988394,-0.15277625936858472,-2.7247637447786013
-0.3916616965551174,-0.22769344687152906,-3.844450764656036
-0.47291887572308405,-0.25084116698609715,-4.44967875197825
-0.5393921496583506,-0.2843133087605735,-5.492173089926103
-0.46937443335418294,-0.29145542528582097,-4.983004801654328
-0.4049209540729499,-0.25033684951627194,-4.123166509704701
-0.4743667170522531,-0.1839046272072258,-4.692622749108881
-0.5112653914568956,-0.37297743968015745,-5.210472920742152
-0.2766203281358085,-0.10789390513699461,-2.4061123753011646
-0.4165714351771111,-0.21326611188726233,-4.291167993281067
-0.3573838459024492,-0.1070312928152573,-3.1581568479661177
-0.5402188378724329,-0.39147232667342985,-5.710712907075485
-0.42527586677333123,-0.2739216568018571,-4.009483991453128
-0.5678702978134229,-0.3908758370094912,-5.876555632358169
-0.34408634978141117,-0.09884920731263201,-3.294030540026764
-0.383325511765454,-0.2253659961301157,-3.602945797629411
-0.37114045477963775,-0.23350145714059733,-3.4925575921270835
-0.21005335104860479,0.02710885491078214,-1.8253738012554586
-0.280355516684884,-0.06887911421204308,-2.5472686163893767
-0.3009282237143691,-0.09334386007530669,-2.8440552830050363
-0.44685695655591223,-0.18822285936436972,-4.250569930011937
-0.3173534198739499,-0.06031722800534202,-2.7672689209181764
-0.40878267373406924,-0.22166106180723333,-4.136435798924081
-0.37620680032525017,-0.14059672855772384,-3.6186343189495087
-0.13077572165013793,0.04656790847755941,-1.2286691155485363
-0.38258467392560147,-0.21494567360483388,-3.618359517451385
-0.4428985615213174,-0.19724567129165374,-4.336906524844057
-0.5901096932436808,-0.4203587716631194,-6.47109587881949
-0.2699069133492626,-0.07347330563048286,-2.5826745196655274
-0.33675140601663683,-0.1480360338499803,-3.2081691257737366
-0.3762784259794427,-0.15369467708801826,-3.72856233671438
-0.3874016100528624,-0.21760804411129955,-3.989341874785714
-0.33201126497967565,-0.13783585394410372,-3.149171312571168
-0.33532144931863284,-0.10803701071074902,-3.044804406926163
-0.5316907739689058,-0.27367973260407175,-5.571137748753939
-0.4179184913651794,-0.2978271167089745,-4.136458717929331
-0.2369840072132947,-0.06156115147211449,-2.146406904787814
-0.4995236214988264,-0.33194438539053533,-4.899601547846467
-0.3207208040158264,-0.12944763663309808,-2.910094564055796
-0.3143249103594263,-0.06201164161329914,-2.895649198550672
-0.32787019239682735,-0.1209765577553747,-3.1184683262189545
-0.4083217446615382,-0.1722245493895739,-3.8363183873178826
-0.21287700091303297,-0.09662660891844078,-1.9205498053030277
-0.4736199969063033,-0.32553679585371476,-4.815139038744604
-0.35877350138291797,-0.23139653414882774,-3.5850621405393563
-0.3804536762915551,-0.16549051997425027,-3.603119222078239
-0.34345424656754686,-0.09010246374873895,-3.0993827238431586
-0.5087949484217917,-0.44507508860821154,-5.37227902002926
-0.4544848618400212,-0.2677460888154698,-4.394608069646445
-0.3309657352441957,-0.17173203309764534,-3.2659228005201646
-0.38055148712682846,-0.16096430564655065,-3.5975934658487487
-0.314944942554053,-0.06619290573372205,-2.774859810216365
-0.43465721064484175,-0.23415998010710626,-4.389143841191477
-0.3129147140982028,-0.07513075980243437,-2.9461201952907796
-0.44651706715955203,-0.23487611430374603,-4.437557347454487
-0.4530936855815991,-0.3142180238738876,-4.371350454867617
-0.5181150808894073,-0.3446268702012078,-5.332572917144807
-0.1686593075173513,0.04499899596560726,-1.5261865076172487
-0.43920294117963715,-0.3255134108017247,-4.063475491466628
-0.37989168756903,-0.15734200010914318,-3.6742644616790465
-0.6312118269100756,-0.2664745273189249,-6.073626235787784
-0.3060171757376402,-0.10024313153415998,-2.761078512324814
-0.25394279574823087,-0.09267641526606395,-2.334703824441476
-0.5733901600205394,-0.43957456399510236,-6.015865201279033
-0.5060924057603272,-0.25878912175527585,-5.065581440771927
-0.29012628598766177,-0.0425930658488798,-2.7392145018248555
-0.4083542125715793,-0.22210883114043084,-4.015873414207818
-0.31108427183955156,-0.08665900257294576,-2.814057701000111
-0.34513009500472797,-0.1692395515771319,-3.2174114476941513
-0.38543847751567967,-0.143841442667574,-3.7387079246850043
-0.28626495529989476,-0.08714459295261241,-2.7768671169900148
-0.3953185619584962,-0.16697310056493062,-3.7177392409285352
-0.38177763875755977,-0.17350744002429397,-3.8016967890335787
-0.5003107080184895,-0.22636238871953074,-4.978761358537825
-0.5538641172764486,-0.40936106080678675,-6.158776480092865
-0.47986845569558817,-0.2771049157790363,-5.042014651191136
-0.38662960475200836,-0.2638935310382547,-3.90001705216704
-0.4616905527583597,-0.28081455711189235,-4.580340813036088
-0.6244194722963131,-0.499600816649907,-6.7924535716753995
-0.49052421985094585,-0.2408090357309938,-4.652176587448365
-0.4441323511812659,-0.3096593157097031,-4.3428313843508555
-0.5510241793950813,-0.33220382367460377,-5.318180564141326
-0.47159872565144856,-0.30981900232919257,-4.699434921228236
-0.3315204169761506,-0.1408016818670669,-2.999285313296525
-0.47505408405084726,-0.23282825520121073,-4.453940599991751
-0.49683267936288417,-0.3789207020357579,-5.103589788667756
-0.03186091299276799,0.23654534569756497,-0.24452566075902307
-0.2084956795218955,0.012402874548571847,-1.8676657141696213
-0.4805968585021784,-0.24167484501770792,-4.752141820594398
-0.38302003274940166,-0.16861407353003663,-3.5302040899384712
-0.5219954500112859,-0.32725060827250607,-5.366101585208606
-0.3027716946507028,-0.17474213347741882,-2.8523034275113304
-0.5132336961866244,-0.30625691396895244,-5.337974498114568
-0.236680656010769,0.01955856643356643,-2.1198476977388467
-0.31359869780031097,-0.09690210053881801,-2.772633457075745
-0.36536774290428853,-0.13547399497029558,-3.455906991676584
-0.4151472916356416,-0.19543410584572812,-3.9691475625700257
-0.28832723948262134,-0.10141509433962265,-2.813562733195726
-0.28003039121006273,0.011433917787579436,-2.5667364168021
-0.5234035176499497,-0.3036884797334274,-5.177234680038932
-0.4540860790747072,-0.29384838605885105,-4.65471767463175
-0.32629920144916874,-0.08419922479209506,-3.0851830707930143
-0.16525969684854985,0.09944543088560795,-1.4388858442916157
-0.4369038876534032,-0.2985295724710711,-4.539548977243104
-0.31254938712060937,-0.09081750318625961,-2.939898236753361
-0.44283129938544596,-0.28252652560191543,-4.518699737835888
-0.5754961328898729,-0.4190146406658161,-5.97477948227487
-0.2642552625561167,-0.06303547340406139,-2.4368119048793755
-0.35663231157862296,-0.15004340725720774,-3.4614541090368616
-0.4688088735244163,-0.3044018038084458,-4.754092470223229
-0.43102130214466744,-0.2603634333159345,-4.318780963239899
-0.4233161489611668,-0.18701752682429482,-4.066858501861166
-0.44973180409949653,-0.22606005459508646,-4.523748625585458
-0.5077531659816439,-0.36251165000639607,-4.954461378929152
-0.26787852727725664,-0.03193840623709713,-2.4027420978827982
-0.28485314436236475,-0.1069956846775664,-2.721069207575646
-0.4876658664032878,-0.23606856309263308,-4.631055806606594
-0.4808857069440932,-0.3548740816550313,-5.118222479447117
-0.2814633101607698,-0.08859035924867789,-2.588213679488179
-0.49591140376759724,-0.2728188387770086,-4.776115713755261
-0.4224728009610255,-0.18341063190057091,-4.116296675389912
-0.1983096967455153,0.08925965560852221,-1.7507917000842792
-0.30953825285276526,-0.08336422698018148,-2.8374054531747674
-0.3738321640465311,-0.17195849214888845,-3.3491716027008502
-0.36864135706278683,-0.09178649887115325,-3.414262646751791
-0.5351566487884865,-0.2630958457910985,-5.315315865290894
-0.41329426283697157,-0.16339305772278248,-3.9092210543005854
-0.5283169014089855,-0.3511429525515316,-5.4038413259658755
-0.29766262393595927,-0.09508921253771574,-2.801192640852893
-0.2422058379825166,-0.02770339354398949,-2.156673548888339
-0.42569132264501025,-0.2411330318058907,-4.136187991022831
-0.4505729814900669,-0.30757871324132646,-4.54020518279542
-0.4494418977795524,-0.2853201084248016,-4.537969720233062
-0.18462500873166143,0.06424432950121543,-1.531928750736433
-0.5983390980685791,-0.4767278114084018,-6.415210449664536
-0.42948920387247486,-0.23908213440174833,-4.281371336675959
-0.5504018866943434,-0.42314328764459996,-5.614142150883301
-0.3706417942285555,-0.14270959275303324,-3.585005752829171
-0.3073463735074259,-0.17172195317336053,-2.993425815307409
-0.2029135388891596,0.049575828289457696,-1.848265051416314
-0.2689999004504365,-0.04594837643398794,-2.365414207604761
-0.5323895890853065,-0.3875696330180484,-5.500847766964325
-0.4769038410400839,-0.3251820672145387,-4.725355245318509
-0.40084207565875324,-0.16394834172072997,-3.87253846410634
-0.3840326393021465,-0.15488601422775322,-3.6894178235340114
-0.4245928735486724,-0.25980302864706667,-4.254503719558525
-0.5093081353275011,-0.2443542309842721,-5.134802095229691
-0.4652727184864871,-0.17506167138569223,-4.4878762853639955
-0.4098009333769603,-0.07605561840808729,-3.899497836349719
-0.39149820601179697,-0.19144687172742994,-4.103293741285216
-0.44466527683666973,-0.22555632527558,-4.496193416050844
-0.25439143291012795,-0.09507686509552667,-2.3189806397928416
-0.46093049417613624,-0.28848726618180054,-5.024930141793905
-0.2962788981983869,-0.021215822834813155,-2.69194110248011
-0.3225782229149224,-0.16309942445517928,-2.9195325735018
-0.4304661470976555,-0.25386348317676993,-4.449717483431485
-0.42719922234809693,-0.2235864179539493,-4.04564802398284
-0.292654914667916,-0.005137111073328314,-2.7246129362723295
-0.44541888448470857,-0.24865025719508563,-4.513358869020079
-0.4665854066007301,-0.23399116419069815,-4.57919017483701
-0.3502235847198832,-0.11694971897311256,-3.321547234380526
-0.4506119317521329,-0.2672018626761417,-4.58912318301508
-0.19759370598950804,0.11265962746503685,-1.6937111544381513
-0.4830564759599778,-0.2897080593103114,-4.851467122836642
-0.32531365983883714,-0.04240143260387895,-2.982899027188975
-0.11307576655292363,0.10504045637469483,-0.9625743824640526
-0.3520818087964507,-0.21233562512515855,-3.552030516475424
-0.6291572408046892,-0.46424924632889236,-6.447570336072082
-0.48202097552070583,-0.32692727669796895,-4.886702526457618
-0.3225605172063817,-0.1689483831337465,-3.0322654282770873
-0.348865223140358,-0.058260467155418064,-3.3339020994384074
-0.4183263996605572,-0.23320009233722527,-4.173835133248946
-0.272119780122293,-0.06703146374829001,-2.5932543034727837
-0.4185794337701155,-0.13538211026454253,-3.9520350294635325
-0.3897278733450092,-0.2233273989998724,-3.7792583825710957
-0.5005426995319275,-0.3729720547014355,-5.169271602181509
-0.47794847157200976,-0.2902273900239838,-4.633329184465381
-0.2991633576737779,0.047718802523567104,-2.651882059297135
-0.21582556608345532,0.048856965763663544,-1.9042086691859863
-0.12526977168271247,0.05707478005865103,-1.1850021980649765
-0.4158175723477124,-0.24105926430517707,-4.102739025198222
-0.3547467581324335,-0.1816200530587714,-3.6979578955813763
-0.3628573047220095,-0.19484318950186036,-3.5072978427955417
-0.3192925285766139,-0.11978392158052864,-2.9467492058579405
-0.4609580580337551,-0.2285074327892536,-4.629643227878626
-0.5575282458314512,-0.4598538369326446,-6.387402552807175
-0.09077057591425276,0.21095816924933858,-0.7347418203521939
-0.47616215307874854,-0.12974747136445844,-4.784148226588274
-0.5835401834749618,-0.4506071865099394,-6.381712857732684
-0.3514065338384629,-0.10076362732075379,-3.2410880898380774
-0.4125455952572835,-0.21717925386715198,-4.053418018883637
-0.19919659266419826,0.054892601431980895,-1.731824482128251
-0.4057538632709798,-0.24435562736510907,-4.277916614460962
-0.2864568277953562,-0.16644144966704405,-2.605963572591144
-0.5172723717928079,-0.2674453210886585,-5.4669196703710465
-0.31948196339637375,-0.12413797286396196,-3.051566524627533
-0.40915990156813004,-0.332052622619945,-4.400715936622207
-0.3923931494269076,-0.24867956942083813,-3.885069553343044
-0.48104742543910184,-0.27719655755899636,-4.767705011093708
-0.24330090380444178,0.054557155693712514,-2.144057099452275
-0.3514968030022503,-0.17370795236824876,-3.330225606828077
-0.4233444535958714,-0.20629835259852555,-4.2692769315518175
-0.32157545467000825,0.007759946038903035,-2.893042790717578
-0.4857034568906887,-0.24252729768136713,-4.795787558196199
-0.40358022441222957,-0.15542992614206255,-4.0890556129220474
-0.4197538622010443,-0.2755249686903445,-4.213901441208646
-0.29374431480224605,-0.05827891011816165,-2.7326263230708103
-0.43824284719334095,-0.2835433362250438,-4.326222695867274
-0.43914809888719075,-0.21656194305387436,-4.546040692530378
-0.2876638207405162,-0.11912651882063045,-2.85583721152722
-0.24258678467631917,-0.06111613949617606,-2.191597228881394
-0.5075360826830635,-0.3521092549748298,-5.201413188991521
-0.4328827110405397,-0.3511753320267326,-4.4604413599491615
-0.48121937016027455,-0.2816575451469668,-4.99574363676744
-0.3040902360144705,-0.0817628457053028,-3.0598997215271644
-0.39398753530706376,-0.1956740747933533,-3.9547399648409316
-0.5498905748554723,-0.414987619556246,-5.956804086668369
-0.5032434702252161,-0.3054486284319559,-4.858592540379866
-0.3228687681764797,-0.18030633774983432,-2.9410208517360332
-0.3473070276197021,-0.17277296234248674,-3.4552408107677706
-0.3113791597074383,-0.10044591327169118,-2.9943995787504245
-0.46581059911304484,-0.2640958560702168,-4.732148783767048
-0.293507980625147,-0.0807654015201185,-2.8402494545610937
-0.42964026842049985,-0.07625823965136307,-4.07113401412603
-0.4153674805604005,-0.22177416909727063,-4.005738011281596
-0.36665523631358227,-0.14647078853918372,-3.463484650939986
-0.3479707323705837,-0.09305644108449464,-3.3460345068824844
-0.2504787097209973,-0.15695814530548693,-2.3395516298345167
-0.44894185487541993,-0.321461735947998,-4.60321043430969
-0.18263470472263596,0.06581176342009873,-1.6313715863475093
-0.4548698302921286,-0.2668469508674911,-4.564019278565276
-0.4209190516620745,-0.2905789703952165,-4.466064755039364
-0.2554585574887406,-0.02841500136873803,-2.2937113027468734
-0.36998395757347297,-0.16435422518549075,-3.5782354949147934
-0.4037268761020374,-0.22113854711962397,-3.845661828994372
-0.5020863853778598,-0.26818339131860325,-5.157792229508247
-0.414638880167299,-0.18425036018456042,-4.076594881903681
-0.3876412633781566,-0.11245443499392468,-3.6072351232809554
-0.6214254836057637,-0.4678086560364465,-6.712611032426976
-0.44197841732234683,-0.2231967805180064,-4.558669906676096
-0.18079044977472364,0.060817632247941324,-1.6544097569871803
-0.07640880171529492,0.20885817036164142,-0.6097617744176244
-0.4134752839984162,-0.20313011828935396,-4.018071623579593
-0.41745702780708394,-0.20092319839655015,-4.127953414174614
-0.39486831161803587,-0.1374738056913779,-3.6671656289729553
-0.40872331212675816,-0.17429923552966872,-3.9437429133044697
-0.21738617094980922,-0.0065319763025976,-1.897814502024791
-0.42297747187112394,-0.20273867929677314,-4.173244786823779
-0.23416140177949762,0.006304817901309556,-2.0395499413429334
-0.38008531906314696,-0.06384038385617541,-3.4682318817385145
-0.3701800288405124,-0.10886300529216261,-3.3165546993789907
-0.46728842810299887,-0.24236885728685328,-4.651404720307404
-0.374534857995503,-0.154479654522231,-3.5106245350813494
-0.3880717169476163,-0.2777078659882183,-3.8591852857564315
-0.2418256615526045,-0.003641660597232338,-2.2132094711106
-0.26853912261261575,-0.06963196698928971,-2.4722039038660126
-0.22716464687459473,-0.03961660564630898,-2.2507911302307186
-0.3242257698584868,-0.11392266802592298,-3.111173267924159
-0.4361498894186801,-0.2173633323419984,-4.326587333264938
-0.22796708337626587,0.004516964453982286,-2.0869802046781416
-0.35457338943228006,-0.14449962706252614,-3.3659224304458495
-0.31355343294370014,-0.1796555350878793,-2.866776526356812
-0.39572360443374915,-0.1905238814938908,-3.673365508583075
-0.3490087252757316,-0.1250386708158177,-3.3294435734046655
-0.3787101268501251,-0.1653263466880147,-3.5462909359029657
-0.3625519478465567,-0.19098505397680726,-3.650018813371236
-0.45551796662416305,-0.27877967500895334,-4.375598063350118
-0.4686125730114165,-0.301188294269727,-4.86309724035838
-0.40591839137088376,-0.1281948420585572,-3.8330472073422737
-0.47657246197113595,-0.32985533300132397,-4.89288322914617
-0.38130484439380363,-0.16930096732980468,-3.838588343714471
-0.19144549180273035,0.03312499619637652,-1.791473186640383
-0.3246899527754443,-0.1442118892894268,-3.0306743073212346
-0.347359426319868,-0.20167842699085486,-3.3125549490864565
-0.4937665961526488,-0.37172513659207346,-4.8689887466360515
-0.45141019787894104,-0.2891404556137911,-4.5482413243988296
-0.30709753327858813,-0.11852609034267914,-2.8166254507708484
-0.2109013512294615,0.026679469570819098,-1.8328693936619487
-0.3928624746928898,-0.12711307858828108,-3.749230601134444
-0.18855061381691657,0.016563511683137043,-1.677851217031517
-0.33527324590213253,-0.07890872462044442,-3.1173549524478443
-0.43085195224476935,-0.18283518568058565,-4.30418895604297
-0.5038547375607798,-0.3608197328700976,-5.0765431102150815
-0.524729827265061,-0.3087253211588431,-5.3629839555906225
-0.30978816153026767,-0.08514129443938014,-3.0115814411923196
-0.2506390610569132,-0.04216333126769463,-2.3593736453328824
-0.5313491602165871,-0.43866559680988154,-5.557715832522218
-0.4195340699753053,-0.19115014067695454,-4.117527911654978
-0.29333064002583453,-0.06617977119147851,-2.7112439363464786
-0.393600069613333,-0.18255952236487633,-3.671852701565804
-0.2345679552500029,-0.06711895786261958,-2.0207540057486417
-0.366266905426892,-0.23000115258391118,-3.6432856531609104
-0.4909579085751685,-0.32898273953607177,-4.821843864202014
-0.3920791573143624,-0.1714611705872357,-3.666574045142895
-0.39916132338551263,-0.20347144728543015,-3.9150387516646252
-0.253410416395998,-0.1542085904489771,-2.378949937756558
-0.4721008057373711,-0.2577061454686892,-4.711522063487249
-0.49551859354608563,-0.35720095664736373,-4.8841504753326
-0.42913247840592506,-0.24228335976954918,-4.152666713086761
-0.5091571476578514,-0.2858443387065449,-5.204748154803513
-0.35798299215486207,-0.24174909976378287,-3.5920664070868153
-0.3303421844943224,-0.20015779571523942,-3.1793362071924935
-0.2647351910077271,-0.047664936538238695,-2.3149285616573523
-0.5479736681630598,-0.27447440876684354,-5.617412195007936
-0.5498523889692819,-0.31119091455967335,-5.669453488611724
-0.446052826867168,-0.28936886975451653,-4.7905766500085605
-0.5621937873720545,-0.42052748881075136,-5.7871170280968744
-0.2619085054145987,0.007373932480532574,-2.2594442371670764
-0.21883648072819428,-0.006597755427822255,-2.0255862518613372
-0.4850627185976183,-0.18453482708231855,-4.614602680808819
-0.33149049480733356,-0.14030046994083126,-3.1640643428514723
-0.3283174955792548,-0.19767986234822738,-3.0501986916008073
-0.41135837840453393,-0.11835494942745195,-3.941671913780019
-0.3140271020323936,-0.08249770721604402,-2.910003091160178
-0.3767050996027985,-0.11045413982965963,-3.61557193165687
-0.4338981932623702,-0.24654035394257082,-4.115114208860568
-0.48308794618289164,-0.29497005333964427,-5.056351494880327
-0.4441384337457533,-0.3226514566471879,-4.756760738324463
-0.6718410955262073,-0.5366147334622542,-7.400668423006592
-0.5160413762147111,-0.3128048336609157,-5.350148386769305
-0.36757540431184155,-0.18583275659005088,-3.6883583430602256
-0.3661618782605969,-0.23476886606084552,-3.3806361090804486
-0.41152764885992815,-0.13047387060131332,-3.901045103452211
-0.385619878405231,-0.2218842031757598,-3.6963354688592984
-0.44031636288912435,-0.25895582621782853,-4.482130901413003
-0.36838281782442167,-0.14685884570942043,-3.6956502718691557
-0.3978126451491555,-0.18146248997545505,-4.034230341701206
-0.4231821289240804,-0.14336695677506278,-4.001075662698959
-0.4888851074111554,-0.35174039004658453,-4.946632491294551
-0.4557468368370802,-0.19508301211035908,-4.4781993214230935
-0.10910092390683189,0.16568083345504114,-0.8875672643924546
-0.32343002793956727,-0.14146531093212822,-3.0222343400476857
-0.43292435211706065,-0.30829833207895313,-4.220883954569956
-0.3746662705406664,-0.17612947056825354,-3.5603214531173046
-0.3726191594566849,-0.08617658687916298,-3.4503777675204383
-0.23152500032479667,-0.049376419298820834,-2.1722546481116143
-0.3315793737362779,-0.0906356137797186,-3.0803035697857197
-0.4482107504417225,-0.2914121801065957,-4.397325376491903
-0.40079115901210693,-0.1468171299811111,-3.7018808854890817
-0.3291144906660717,-0.11870857907217121,-3.1414542509202197
-0.5060553042227677,-0.33251623081123716,-4.903122691010957
-0.31487900679822917,-0.1832226358173369,-3.1287860737219257
-0.39190421110427337,-0.2571896813353566,-3.880574912722334
-0.36505016382806454,-0.11625391230362515,-3.6328756601981316
-0.009089806404244352,0.13229339447750998,-0.07548272094971084
-0.40669374098828365,-0.33346303501945523,-4.329993474841674
-0.346457474965791,-0.204500853631122,-3.5066481785470778
-0.412780254468891,-0.266975252396399,-3.972536044021854
-0.4545387610617621,-0.2905469375864832,-4.5720453840041655
-0.48553224644281945,-0.254829114308262,-4.768823045844301
-0.4390424768076729,-0.22700871543172707,-4.253264404271083
-0.4162349354803205,-0.2265516467383721,-4.038246740553913
-0.4936087922083822,-0.37709680556230857,-4.907463094645726
-0.40373954513641486,-0.29722491067243717,-4.297406770289313
-0.15232877402189018,0.07899912587412587,-1.3345524505682451
-0.5140722217016229,-0.3613639401635658,-5.486287125505557
-0.16369767163961693,0.011766852139013042,-1.529690874915505
-0.4083719773729844,-0.18395290261888145,-4.097317869245382
-0.3425800568122141,-0.1431674361883498,-3.2982202900709656
-0.26697971418424327,-0.06760696843793279,-2.442297991808999
-0.43880558402965597,-0.22236308162633978,-4.278301865791904
-0.31194368504290587,-0.02997722095671982,-2.90751509109983
-0.5162242706286139,-0.26440873606512555,-5.062861415091993
-0.3458943765984921,-0.01474037258023356,-3.147040075583083
-0.2691531707093461,-0.06327251503231415,-2.452621387704879
-0.3136959718902535,-0.11925511923079263,-2.9019622090826283
-0.43270740280654957,-0.20589701501611035,-4.507300324246806
-0.38281001658179376,-0.17928543241356282,-3.5539573338175656
-0.4154815198946029,-0.2852431886491683,-4.308087473999329
-0.25214808989250304,0.030492258252994453,-2.3957702644477554
-0.4727608833738504,-0.285478006007759,-5.078637837391449
-0.3119556062107394,-0.15966191964802595,-3.1180159804693712
-0.24991960840461788,-0.05593012378973967,-2.3341879688288363
-0.31554560698407463,-0.10540812735854779,-2.975205027799086
-0.442161762242721,-0.25015949787032365,-4.45375618403586
-0.5474249018455488,-0.26011602875177875,-5.676348483633047
-0.12754027658850983,0.1298649190851946,-1.1137237725881983
-0.6014142852220492,-0.3749406219169072,-6.414363420974657
-0.07809752025224179,0.12124639690589996,-0.6632940544147682
-0.2686772084211803,-0.06740713765477056,-2.499915886839557
-0.5434537491007326,-0.4143592732925289,-5.623962527680564
-0.4385487933595466,-0.17063994545365996,-4.2419575161007845
-0.3164062670319994,-0.0983299705860904,-2.871889848343093
-0.35837440671568416,-0.22424875754887783,-3.6117280537670724
-0.3498278255370997,-0.1403372558534514,-3.3022081284278797
-0.3506600075077742,-0.20672507695950745,-3.4590122534935595
-0.3641886724912989,-0.1955353351531696,-3.471523658071319
-0.3443453514154731,-0.15359070405604763,-3.2045399750409884
-0.30498176617829115,-0.14865283934402307,-2.7654208866783154
-0.4570036847514671,-0.23242454636637186,-4.813921177897369
-0.38396151385035693,-0.15226871592073898,-3.7231790699092113
-0.37877081663027734,-0.24780615188412838,-3.8869756558663666
-0.3778324109117215,-0.19368865999416965,-3.4975028628096143
-0.3142342924996759,-0.11900144093095084,-3.213887276389762
-0.26143606332520003,0.027360097323600972,-2.3651379575408584
-0.4548035101769339,-0.27742405389821245,-4.7527982307137915
-0.46942170053348137,-0.31314940008526704,-4.613119980153873
-0.5595943963114326,-0.3566452255568311,-5.5747635182672886
-0.5188299180172578,-0.24912173886571892,-5.398624039198729
-0.24865551937792119,-0.07094970369244795,-2.239066059819186
-0.34738011042313716,-0.11247130833970927,-3.1476627799047154
-0.3514958260885383,-0.1419113851012785,-3.248245405093531
-0.3905947205778331,-0.2213326524781306,-3.7258394722940467
-0.5141547796871218,-0.17009145617952917,-5.047668599953549
-0.4185260228506043,-0.3186727359261926,-4.064681230361599
-0.35756458014417397,-0.1127123068144569,-3.3092499023974433
-0.25745285319784367,-0.0933819286256644,-2.4104698576147854
-0.44813521180273574,-0.19783908464596797,-4.390757785246799
-0.5014625663291569,-0.27029751062537943,-4.8634798631386245
-0.4190824064677071,-0.16406169259482167,-3.922374383084335
-0.485026656254654,-0.3045710852002695,-4.689156501328033
-0.2257184113951013,-0.016568536810860787,-1.9960892026599926
-0.3738192581033291,-0.11361218024722886,-3.662303764856503
-0.3177081369882889,-0.1376258106788165,-3.0244354479471065
-0.27180057730415486,-0.06989733657938353,-2.498593814960397
-0.6235791250803386,-0.5059402631339067,-6.587654119911762
-0.47423800006391564,-0.3205369372660031,-4.439160136683561
-0.45618702613700635,-0.2579114020213807,-4.498396750748474
-0.3998844356905713,-0.311287665570462,-3.986562881883973
-0.29311383084824466,-0.027991679135797965,-2.543709727553766
-0.34631668804334254,-0.20163408228771523,-3.4182467745453007
-0.33707681118259,-0.16826039765457776,-3.214922274543517
-0.4299793681508092,-0.15516603038377266,-4.140495145101343
-0.38015692480648866,-0.18301558949683472,-3.475064776203474
-0.29976593775893134,-0.1638968446528145,-2.896318407448571
-0.2929069087421984,-0.14413070351177393,-2.7467706133723135
-0.25623215681819594,0.05991730511978597,-2.375442307847886
-0.5727777153264598,-0.33821340704067065,-5.746912270635712
-0.5265286297136124,-0.3590475958967378,-5.5969372302582405
-0.4531195835255282,-0.26436320539702796,-4.4553215405747375
-0.44246487820469405,-0.26357290825035995,-4.4274195915905095
-0.4309618109756244,-0.27333960375011374,-4.228049070079439
-0.556932097069449,-0.44337984930530605,-6.34617532330975
-0.47484175106965554,-0.20583358135975172,-4.759646886220876
-0.5156435456497873,-0.2681357646356397,-5.1137324064872915
-0.3808838573645035,-0.22902725863797976,-3.9703520755734094
-0.41241907939806727,-0.19569122466318728,-4.1449168736540045
-0.4201795564768074,-0.1986560268794624,-3.7969154712169804
-0.42479668108927576,-0.25614064909362444,-4.215534195722052
-0.5359900963342159,-0.28195921149527414,-5.0997978558526835
-0.3759984951519937,-0.0457346187768012,-3.556053655952992
-0.31535705534864605,-0.15852991577642467,-3.045984077131846
-0.379868014510218,-0.18825691189045282,-3.5662081077088614
-0.5156392437007485,-0.4058338965095252,-5.281101833714912
-0.4505745114766342,-0.04994439759993157,-4.4328645854933395
-0.48161588705648206,-0.3288242615585441,-4.861810088818259
-0.2781292366926216,-0.02097349596757039,-2.507797985016277
-0.4198620806638963,-0.10027449954047196,-4.033738296464154
-0.5789533134136068,-0.3643803348753627,-5.95573616802236
-0.39189398780019474,-0.23488805288724934,-3.781813659320159
-0.41675422232164105,-0.24518468575177219,-4.141885793691982
-0.4315650199656961,-0.2765843766317349,-4.2789862932972555
-0.4984214544920368,-0.33430862526329846,-5.298693094593539
-0.3438112732454041,-0.1222923749392909,-3.1511077295887686
-0.35818969306622106,-0.14540920041020167,-3.533355808408363
-0.38311719742289624,-0.14898578889833597,-3.765008454200839
-0.3137927048248958,-0.06320611801639014,-3.0301558553753556
-0.5463887259810349,-0.3907403129521331,-5.5835860690322825
-0.5149863707047787,-0.3383074307916464,-5.404814171436794
-0.4658746705117067,-0.2776935485827259,-4.648943437606138
-0.40071743635687057,-0.2410886422381025,-4.062518471498982
-0.3470070076069748,-0.13753336048780787,-3.2965121461173013
-0.4279179997929171,-0.1820836915497509,-4.0362343341612865
-0.4063146924418791,-0.26681233309055596,-4.06824589114266
-0.22602873278676774,0.004269969100508503,-2.0183792621857695
-0.49624021725041717,-0.24775122232682434,-4.712834786742559
-0.3650177060052935,-0.18405388186038046,-3.4098646653650824
-0.35634780066266464,-0.16543638205341274,-3.3525637814121043
-0.41654249176576325,-0.2818920181243593,-4.252272587764745
-0.37377408238577803,-0.22887409495116381,-3.5391607193612193
-0.45040035185219657,-0.3011175458959509,-4.558774190878018
-0.4171539660636349,-0.21551860264554765,-4.171443211738215
-0.18189435342515392,0.05569295649690392,-1.530106854451298
-0.39744126136047386,-0.21830780452224652,-3.9188461588066508
-0.452121419092111,-0.22300846221184709,-4.575913721920206
-0.45394667626823315,-0.32013189295538597,-4.44980099675787
-0.4365134127780708,-0.25456536285662146,-4.175291205650879
0.03272009956798467,0.24832909265774708,0.25639083806715124
-0.563346671825488,-0.4177569184378192,-5.889763766297787
-0.33569948296440655,-0.11264794559605923,-3.1564451019154784
-0.4639744845287575,-0.3177938080532922,-4.838116625099647
-0.4524194504503012,-0.27302337734943277,-4.572776892955014
-0.5874692772823783,-0.5204189757018451,-6.202627478740137
-0.3676198952545147,-0.2393617344120807,-3.712027841952185
-0.428471667997133,-0.25957991647105444,-4.29253001968788
-0.4263249438286743,-0.21170678336980306,-4.2511990905848025
-0.4213272095693434,-0.12235076803422125,-3.942880767632239
-0.29523839054021256,-0.07264279857884669,-2.721205061229876
-0.40198655110766457,-0.21958919995385634,-3.8554597529313654
-0.5285409611899132,-0.44173211116244016,-5.537236358014388
-0.47320849141992444,-0.22910907091341043,-4.571874279643525
-0.3454821517839774,-0.06012448762714439,-3.2453487626735615
-0.36938890013650494,-0.19186646433990895,-3.5099831091487363
-0.4384419557639042,-0.0923812939581649,-4.214020784361375
-0.3834726992200148,-0.17788885979919997,-3.5974057375397632
-0.4219206449179017,-0.22748158412953104,-4.004266974131447
-0.5730933979233691,-0.4643291940589238,-6.17749184700625
-0.2849891257174756,-0.00020031929681856535,-2.555805204309582
-0.3141101480616971,-0.04922133511429526,-2.8101377263949283
-0.4428414692300115,-0.27818472014030915,-4.422526484917833
-0.39699031687662284,-0.20212056143926432,-3.9470365330212585
-0.3258986155664361,-0.09287186126661681,-3.0313352031464875
-0.44546795046017534,-0.2673606263846317,-4.5166649086795045
-0.2942369095361039,-0.07140857243721623,-2.9196051795904054
-0.34296336498394975,-0.20706711201153513,-3.2552060089456267
-0.47172938705150985,-0.33499538991604794,-4.733523340678234
-0.6784110168249281,-0.5552942896477784,-7.444594213344633
-0.29709617373275204,-0.07432420132884318,-2.7437079093844408
-0.47211362760974046,-0.27050598110081386,-4.779667099398918
-0.5717406477542485,-0.46789191554534515,-6.326775123055259
-0.5093118224941734,-0.3375690272467989,-5.310051900760453
-0.3513410970254387,-0.16011402923515494,-3.424468640522955
-0.3824181806216795,-0.15664702269092057,-3.536846595683252
-0.5289733960232536,-0.31621731554951166,-5.441081087630884
-0.5130316407827525,-0.28145797817158186,-5.217435987660651
-0.3869367815984072,-0.21778441224301565,-3.7385538553356152
-0.366537163230639,-0.11913669766138171,-3.4133221741647874
-0.3691928780455732,-0.1351725898506592,-3.580532960464195
-0.5091463994449765,-0.415053371042788,-5.106614059238409
-0.28859676060886924,-0.054495350474664334,-2.691633256467374
-0.399632836775324,-0.128566657558369,-3.849270426097143
-0.3462806851986985,-0.1399495731948115,-3.1461585678950716
-0.3699703100841236,-0.13648933847609346,-3.5236700481075007
-0.4484170830563689,-0.16457188700345216,-4.402070480592182
-0.44125617655264354,-0.2895991062917787,-4.631559427144733
-0.5318711325015653,-0.3301438897027981,-5.168019320519823
-0.5422797880784179,-0.34995805318127104,-5.492493780056196
-0.252320748204887,-0.0240057327122895,-2.2229383515045575
-0.39396336972541385,-0.16684668503258537,-3.820925787438982
-0.32739079640389673,-0.12395139065933398,-3.133949425164811
-0.43935615903523123,-0.23293304221251823,-4.334624644477083
-0.42817666485100736,-0.2789876862702217,-4.208476076339675
-0.24445993627104487,-0.03805904350734243,-2.2526880425832134
-0.4535896427225409,-0.28411483776222934,-4.670885968409843
-0.5117042689877878,-0.36921433945778015,-5.301582420894376
-0.27791704564292885,-0.08716380973177565,-2.4945057493422986
-0.36709858811111745,-0.19126519749913415,-3.484080414712503
-0.34700152950807533,-0.21177135426477647,-3.406633999059092
-0.23582970681382867,-0.0005838421680005837,-2.1349088430346916
-0.6607178159867764,-0.5358722597579352,-7.065201187639
-0.3662250835787262,-0.17307575555204777,-3.528137942052931
-0.5579636619683006,-0.38077030795270517,-5.792168495484137
-0.35760751916587796,-0.18051959918374802,-3.620362577573995
-0.3938639606728871,-0.18948832745099228,-4.107348889114729
-0.22691026143534151,-0.01021276595744681,-2.0505606427771412
-0.4540692235105545,-0.18651608903368544,-4.633330931022434
-0.29270456538615086,-0.04587234042553192,-2.7187494720741663
-0.1787397821112482,0.014688894563406657,-1.601295404756449
-0.4313297127926107,-0.24768265090139402,-4.02571540746854
-0.6072935092898144,-0.4107892910624932,-6.12479602672221
-0.33457028478325157,-0.11260152970408305,-3.0160898161511556
-0.4996739119121414,-0.35115240958367505,-5.260506038842105
-0.2715465741402762,-0.14927725875658074,-2.591140879761864
-0.33128405384729764,-0.1515938721503314,-3.1893508492603346
-0.4987388499977949,-0.3018926390618829,-5.206094940935345
-0.6040106014986338,-0.31252924625192197,-6.185121613907418
-0.4223633273382492,-0.26203364499608145,-4.074643121196503
-0.4238440892950256,-0.24309425806529944,-4.352790452593877
-0.08235007518533251,0.044028983567461016,-0.7144945817243085
-0.2194523798279382,-0.03285128741531763,-1.961579090976651
-0.3697825331994349,-0.2022310969762445,-3.583527857117119
-0.2531633235656874,-0.055618987464775047,-2.2784259178368234
-0.16237660958791597,0.12483123517606275,-1.3674013521005504
-0.49371680766818904,-0.30765122827458974,-5.044009987735377
-0.337354377382056,-0.12928807997326122,-3.089021527753933
-0.3182233598254949,-0.06262795628375463,-2.9375229315965363
-0.31699661273017987,-0.14893617021276595,-2.947324052533101
-0.38365466688623506,-0.15915117753788086,-3.635791781442097
-0.4937412166515431,-0.23550755518757074,-5.2376895892074256
-0.3889192631295601,-0.24149039630440067,-3.8748019937929477
-0.37245031082689933,-0.12708670878010594,-3.575441578225867
-0.2505931121603273,-0.042074221499478155,-2.2744505623503715
-0.4022166985790168,-0.13487926106192002,-3.8579326000293785
-0.3448982201275286,-0.11710782559105995,-3.2370068623483417
-0.4523763962129401,-0.16862654583444692,-4.556106755758491
-0.5245365248050269,-0.350124842807414,-5.464400619008971
-0.4161788777952164,-0.33275367253623894,-4.208659237331742
-0.40271521891990847,-0.18009631208516272,-4.0297495628845175
-0.42985666079368984,-0.13775817124523762,-4.245634717083095
-0.3417865718223036,-0.14733176539225876,-3.40548402139776
-0.3822937045337329,-0.15803518901510785,-3.671194132839963
-0.3525676387807759,-0.16541869348442612,-3.2500585287712025
-0.44487560875472704,-0.2678544328770449,-4.523293923707545
-0.4203083326480633,-0.27042840564564635,-4.243031839302087
-0.35337903876634447,-0.13293437861893762,-3.393604167098676
-0.3714978154481113,-0.16968658475822426,-3.395521016517649
-0.4458137522276097,-0.30950098880166943,-4.5258969197481544
-0.3669573634012616,-0.21478757872510834,-3.6373940895146415
-0.4101919568792911,-0.2016791385289286,-4.168008166402049
-0.3503424505952848,-0.13621839653014856,-3.233543059605489
-0.5250606834103411,-0.35630970153782665,-5.150209171593708
-0.4860542987030775,-0.27530708355585765,-4.684897902678709
-0.35067029424026186,-0.20446146284035951,-3.525481869711273
-0.2852148962245622,-0.04493809176984705,-2.6195025116483164
-0.27775454151468,-0.09446052463910581,-2.5159861432612085
-0.48785691006209014,-0.28646481824531567,-4.6333503147677035
-0.43903562866440715,-0.25704018017033625,-4.36560173882652
-0.2456290073515976,-0.10695931933319953,-2.2556583924476965
-0.4940873765968219,-0.2370788359563393,-4.802852734097103
-0.4707955900317728,-0.308050411679152,-4.851095947743499
-0.4451155628216521,-0.31127331908278266,-4.467543037906953
-0.2952761298330324,-0.11078304506047958,-2.7092343716902945
-0.36398437441122367,-0.17514199799532243,-3.442818528953854
-0.3179992227727412,-0.06503981099645922,-2.9727567266462067
-0.3407988110841055,-0.11051631737708102,-3.318339362325351
-0.36151050953334757,-0.18361073988579762,-3.463944209698207
-0.3533403760126075,-0.06423211301838068,-3.350542178729069
-0.4925808395496997,-0.2896215993104537,-4.936825830835221
-0.35330925544424735,-0.17529178729239675,-3.614190299845132
-0.3457409439943373,-0.19772782503037667,-3.5419726126778377
-0.4007181755120761,-0.228471417565018,-3.994150137102527
-0.2256127841086633,-0.09264861318657287,-2.084923668469887
-0.556827091711645,-0.36989664161192903,-6.075207734880971
-0.4841725656567064,-0.2875811042929891,-4.802977240645134
-0.3562552499719817,-0.1452248831775701,-3.4121888152225655
-0.3266382911466879,-0.1406728014743001,-3.2085280784978583
-0.1689202086059574,-0.017340899829084783,-1.5379236268413952
-0.3198626775528339,-0.12717986136446552,-3.0866438646353025
-0.31965276080614596,-0.14192969043891904,-2.9695322263035036
-0.3813918856890791,-0.26052442834392964,-4.1771378620832165
-0.3611877104103077,-0.19284825304313513,-3.3643606104866683
-0.19891469719069743,0.10604310774504917,-1.7489072277376911
-0.4099249632506901,-0.28816156751135674,-4.429228188276497
-0.41516414017710684,-0.1816490784418616,-3.850308394135189
-0.21108011789486433,0.10114082321803412,-1.9042059419079538
-0.32312095251383455,-0.14954852246472167,-3.0994770089243766
-0.381859810352129,-0.15136186770428015,-3.8596639418362844
-0.5191586170887794,-0.1948875578612302,-5.170437563851188
-0.4219128768250701,-0.17220507086078227,-4.135052446642468
-0.32248009043552744,-0.1468039332466301,-3.070216932069453
-0.40911675346062576,-0.25542884872012617,-4.030505051153741
-0.4346415827084131,-0.20754762800976237,-4.509224461251357
-0.4168824089473815,-0.20825010169944325,-4.121936749992378
-0.34024174972568694,-0.15989426670312645,-3.365585329306654
-0.4453544016813246,-0.3329039471125802,-4.811767605625453
0.03463233695819948,0.22961197224637725,0.27676372458732673
-0.2887247508645406,-0.030006153546209478,-2.54907268710105
-0.2832728816597148,-0.14813263652420927,-2.6590878078668294
-0.24067602191195112,-0.03562835686684328,-2.2121936164437854
-0.2622918135400913,0.021399146950530416,-2.436089256256748
-0.36292055663729983,-0.1770069447817007,-3.5266488932599787
-0.4653626502698573,-0.24923784662005516,-4.601194849761619
-0.3536503332399665,-0.15930079355923762,-3.3258773208964314
-0.47954776067193455,-0.29063404431257145,-4.7795040361499295
-0.3184606275139199,-0.21158437676563327,-3.1244502676649235
-0.5339026877449629,-0.35902738076413127,-5.48449327866025
-0.4610668932979782,-0.22702837323160846,-4.595247597513835
-0.352330891688018,-0.04448213601794606,-3.436645335414435
-0.383453728484238,-0.24250204862059543,-3.827361503692742
-0.3312415765231323,-0.07029517043555415,-3.238956934079571
-0.37526272293033053,-0.23570131500371713,-3.424999403664116
-0.3908773669543349,-0.22848314538398842,-3.6164937247974898
-0.4068921551535618,-0.16817724068479353,-3.8746283663344987
-0.34341770370722535,-0.12727780917139092,-3.193886131996901
-0.5002196537399046,-0.3398884934468644,-5.223354239911749
-0.422463327553513,-0.2639207824555009,-4.076287583767698
-0.4381097614392403,-0.1817723609820675,-4.117103622891314
-0.31818072898664507,-0.038516960230554564,-2.805210325325693
-0.1949968829897435,-0.03952475247524752,-1.8101894038199629
-0.46847865316109466,-0.30453563714902804,-4.524073327299267
-0.32332662334177814,-0.10732742933398033,-3.0321398916550795
-0.29275969589085477,-0.0596938775510204,-2.6543649713873396
-0.6971686601170125,-0.5445444408562184,-8.002595590816147
-0.4325848004400789,-0.24974570438363006,-4.265532262216275
-0.40110337845067673,-0.20235159789619447,-3.8305796122053173
-0.47606482433087344,-0.26941570741658166,-4.680175832946942
-0.1696345620098826,-0.016111407896653874,-1.4677419295704701
-0.25734116234651,-0.08581749188163608,-2.5122970393749595
-0.3078000715166602,-0.10419320015040694,-2.862728820362096
-0.27818563541837205,-0.05229973030104235,-2.3784953764092926
-0.3649646201827657,-0.22974762755319023,-3.498285772573245
-0.47163844380776937,-0.30195502590925083,-4.79151668544639
-0.3003350827179161,-0.09461481382364033,-2.6887415259421714
-0.3946622541530204,-0.20604919526267843,-3.6797215446703695
-0.3996867889246879,-0.22696842952430893,-3.917030284619651
-0.3402794487160399,-0.08764954770936681,-3.232593287361064
-0.5974336881081073,-0.39299762528161725,-6.0343540126291035
-0.43025155936014275,-0.2081009828576982,-4.250043574199391
-0.526762858516492,-0.3018238798899477,-5.211521213420648
-0.47803899377702913,-0.2355688738990124,-4.7905568267348455
-0.38859191016099465,-0.11609277712371498,-3.5876080358398674
-0.2765940707499004,-0.10444657904016148,-2.5858091371773466
-0.4084073053931751,-0.17675330270831188,-3.9831170157859295
-0.2841019440769015,-0.060298230967513904,-2.6597921319125915
-0.2631610250439369,0.025999464681120278,-2.3688438563360146
-0.4910614880480966,-0.3162330924250424,-4.971750621859911
-0.27999629120583047,-0.027091038277250446,-2.6448931569020275
-0.4717786704253135,-0.3184215797556253,-4.942975127708885
-0.392081028050366,-0.09895902923706683,-3.775647113644776
-0.44223663709819927,-0.2565253573229179,-4.45440231349603
-0.441175419727464,-0.26824559379762125,-4.2670322357242485
-0.35501782584547537,-0.15583895062852982,-3.422572774113386
-0.4488065052862805,-0.2580075386492343,-4.468015349993905
-0.553339985934678,-0.3467340954485572,-5.765172430499885
-0.2813073311414502,-0.06253470251932662,-2.4487957093742714
-0.2956603966134695,-0.18589755287505247,-2.6519741586956664
-0.44729541566930636,-0.29039585079376645,-4.29628851299432
-0.4443675040721736,-0.2089060423455734,-4.285624274013486
-0.4477727248456129,-0.29088558892604216,-4.3106728499100315
-0.49145766335102753,-0.2882869745907914,-4.744124586700119
-0.3458136763609137,-0.23268857977989657,-3.5214931196493335
-0.37953961574492406,-0.18049603632258146,-3.786811502468066
-0.34984556293233393,-0.24167097068205984,-3.3531653321280683
-0.21355098608793233,0.036561883067577836,-1.8936801296377406
-0.25546327082457404,-0.07398695670672038,-2.4186490143652764
-0.31717204503923946,-0.1378314072059823,-3.011691140259512
-0.4967230562157657,-0.34915472666151987,-5.107602930720316
-0.270016321413575,-0.06718916127464382,-2.4739780231524158
-0.2696026424663858,-0.16424017682626088,-2.710425688885873
-0.35034147784936603,-0.12986247424810549,-3.254894566196218
-0.3265770089522476,-0.14524543226651784,-3.027010659297583
-0.4052496009373006,-0.20796371518606893,-3.8725442198752074
-0.4869984052851882,-0.36455288505362954,-5.445036993152365
-0.27330120853575474,0.027780815924751175,-2.521702360891913
-0.49154535646319153,-0.3459004837259049,-5.290947118898501
-0.3516799482074884,-0.07133824566523188,-3.275998981830113
-0.3890301598381939,-0.2026308763924957,-3.992324099494371
-0.4179532352746513,-0.2755792619953101,-4.008762165580798
-0.43053718809909575,-0.29561589428104673,-4.274219622319701
-0.3059313204602156,-0.06613279946613279,-2.8702636144873486
-0.22279845751368904,0.010838493072366102,-1.9431059098118124
-0.4269915441385047,-0.15861859490325914,-3.9611597654525976
-0.42625458811979017,-0.16068018439906098,-4.175863777692085
-0.49560039734018296,-0.3204882587990585,-5.151026635769059
-0.4794983472028228,-0.23545500960346213,-4.547585569225567
-0.27054652438643273,-0.08951925295381966,-2.3822358720023824
-0.5179595777400079,-0.32938125231567245,-4.979077078047433
-0.47723119453952667,-0.3277651904001166,-4.774862594579014
-0.3273426251616407,-0.12626063303359464,-2.976024376337781
-0.30619344477132654,-0.1414196586798728,-3.028335969805583
-0.49157574926401454,-0.28914938200370494,-4.789173055858869
-0.42010133433030694,-0.19012567433901129,-4.169102070350978
-0.5438176769154335,-0.28906250000000006,-5.69840358525167
-0.42409113815290944,-0.2684838594213537,-4.4698267582406235
-0.362747635056766,-0.07264238575444264,-3.4561542803148155
-0.36540330740498517,-0.20024793237765937,-3.670983336083757
-0.4155993121861407,-0.26635672841154623,-4.094027526568167
-0.3979087649859023,-0.28718092021334757,-4.020138404133806
-0.49127257182052786,-0.37776884030151797,-4.753721132225549
-0.4014000257558497,-0.14809310338552248,-3.9781339731905616
-0.49840832102673915,-0.3836183858898984,-5.149661661360879
-0.26551228211675837,-0.032859572400388726,-2.416740427298411
-0.447006009198134,-0.311146027335764,-4.5352785205960595
-0.40289228581706815,-0.1328826224799645,-3.9619985451911766
-0.47719922712646906,-0.2764968570249739,-4.766254108587908
-0.3609356856138268,-0.1640855591589841,-3.5473154685534074
-0.2308628271160151,0.04351942896682327,-2.001699539818717
-0.29213535265068247,-0.04543410353335844,-2.6142351376168618
-0.35644677709459444,-0.22141538760442975,-3.477863994141054
-0.5328447805826121,-0.3719990290083748,-5.550591851113639
-0.41790520640548157,-0.20671313725013968,-4.090213877844764
-0.3155109444457182,-0.09417013140724104,-2.828044001391219
-0.2937985308574327,-0.021755894371884316,-2.644808293135279
-0.3294428034106396,-0.03392270361214536,-3.061448467100691
-0.5264740438692799,-0.4041385186537643,-5.73870111279209
-0.34250117238387606,-0.15653356980600336,-3.2772804937989846
-0.1002995798727191,0.2195969847039594,-0.8426883762608061
-0.28302696446146963,-0.006450751576277255,-2.6426444358457433
-0.31964615226050996,-0.16481900177473072,-2.984909636794527
-0.34051591255058733,-0.11783922954542696,-3.396004238985897
-0.3579261914393686,-0.20165054866136367,-3.4790575482550445
-0.34807990009987194,-0.16006050334408548,-3.4610081819313816
-0.21708390138179498,0.09188544152744631,-1.9272171489237364
-0.0914859480793308,0.16256458116029546,-0.8119019495015294
-0.43632114314817905,-0.2717961802011955,-4.178924350251747
-0.1884082118068825,0.024969046636401156,-1.6819293125789183
-0.4622081623225128,-0.334975039978597,-5.106289702183656
-0.40167644570275346,-0.2533283079429537,-3.949823386887818
-0.15038647011003028,0.03391988110682722,-1.3110747646658898
-0.4184585390381313,-0.1848817521437544,-4.033465590073379
-0.3368905750781814,-0.16842341604315716,-3.1733163570293885
-0.24118572880207417,-0.03645582873247667,-2.1133957091041586
-0.5616468837203767,-0.28900722153329933,-5.774227784786783
-0.44002126418381493,-0.2933265360619523,-4.465943578698917
-0.5281395284739091,-0.3789538267150208,-5.6882433997584245
-0.4194282640736503,-0.29808939697543685,-4.360772676529312
-0.4714877079085045,-0.2842431422582703,-4.654872714419611
-0.3772175338997345,-0.043409965418148164,-3.661260964314039
-0.23052346803851778,-0.0005582998555702548,-2.0634601132714487
-0.38437033278750665,-0.22080571137174912,-3.6905362400910264
-0.3251534999424991,-0.14664785786382264,-3.0686241486679995
-0.23626396810569247,-0.05801177120852289,-2.1752285260107946
-0.4168552717019979,-0.27545419216943556,-4.174772628513089
-0.26526533821092696,-0.023573155765094715,-2.546109146747711
-0.48278987866850287,-0.3001557859889976,-4.790056183263723
-0.32378541716292236,-0.09132125926826307,-3.0696269088126864
-0.36012712946445813,-0.18765122159762776,-3.5017716808537824
-0.4840135496395669,-0.3651745763843777,-5.169601105614989
-0.3831562555623453,-0.22636920034696315,-3.911926608608434
-0.17628266595856554,0.027579633688070277,-1.4780662840882688
-0.42060235616293895,-0.21307253067671,-4.114108591483937
-0.4231892135876487,-0.24408340562872727,-4.253784276330295
-0.4735617217286511,-0.298585927422299,-4.785448775933657
-0.43447895319846297,-0.2668440039354298,-4.248634302420698
-0.4111529371728539,-0.2175147412098711,-3.931820775197294
-0.3496040203560859,-0.16724212212600958,-3.283850423908706
-0.23963061965412233,-0.015377701118709538,-2.2330671163290177
-0.36181581751883307,-0.13431404095658456,-3.573549510487842
-0.19628707572291407,0.05303596719976172,-1.7550207076812745
-0.40378651072901706,-0.1414855865052744,-3.865537942362366
-0.5331052751063368,-0.29819108898870944,-5.316610106819407
-0.297160653986697,-0.1301057899019834,-2.8715656443908983
-0.4147247792798636,-0.23929290288056335,-4.422298247393926
-0.4762144467604692,-0.22378509637274244,-4.7801634258015975
-0.45001634776705624,-0.31596553964216106,-4.670562633896695
-0.4723602149010382,-0.1751982871879714,-4.422773782373292
-0.3567391740755401,-0.11970838396111787,-3.341712896457876
-0.28499970241418404,-0.1404368660455839,-2.684342358442159
-0.4186339456099458,-0.21947281853328715,-4.1275926207603515
-0.2681842291675834,-0.15147534603128268,-2.427202582390988
-0.33311819228911055,-0.12690552716800232,-3.406422353526978
-0.45752560211564736,-0.35179640718562877,-4.378716674312197
-0.4035366135633973,-0.16646600265119732,-3.792702320848076
-0.3821781200900718,-0.19987613617734384,-3.575104925079656
-0.48785139011545514,-0.19996350253961492,-4.941040216601549
-0.49760306192459597,-0.33269833951137834,-5.07419334942225
-0.269615504085785,0.024097263551674297,-2.347916633163336
-0.5643538785547391,-0.3379446399649281,-5.519518646324087
-0.5140883275828352,-0.3717582056493325,-5.155444413890467
